[{"id":"user-image-44720b5f-d674-4089-b6ec-12c44ea13947.jpg","publicUrl":"np://user.desktop.nicepage.com/Site_385226473/images/44720b5f-d674-4089-b6ec-12c44ea13947.jpg","size":115315,"hash":"+TjP0K3BD9w1MFBHH5pM8CY/IOk=","fileName":"44720b5f-d674-4089-b6ec-12c44ea13947.jpg","name":"44720b5f-d674-4089-b6ec-12c44ea13947","width":720,"height":1080,"thumbnail":{"url":"np://user.desktop.nicepage.com/Site_385226473/images/thumbnails/44720b5f-d674-4089-b6ec-12c44ea13947.jpg","width":167,"height":250},"originalUrl":"//images01.nicepage.com/c461c07a441a5d220e8feb1a/d6c11a21917b552d9ffb48bc/44720b5f-d674-4089-b6ec-12c44ea13947.jpg","usages":["594500591"]},{"id":"user-image-sdag-min.jpg","publicUrl":"np://user.desktop.nicepage.com/Site_385226473/images/sdag-min.jpg","size":184603,"hash":"5CQHNPsIPM56Qwo7p60Rm7SsT/o=","fileName":"sdag-min.jpg","name":"sdag-min","width":1200,"height":736,"thumbnail":{"url":"np://user.desktop.nicepage.com/Site_385226473/images/thumbnails/sdag-min.jpg","width":250,"height":153},"originalUrl":"//images03.nicepage.com/c461c07a441a5d220e8feb1a/95eb76da981750d49adc2203/sdag-min.jpg","usages":["594500591"]},{"id":"user-image-kevin-niel.jpg","publicUrl":"np://user.desktop.nicepage.com/Site_385226473/images/kevin-niel.jpg","size":138650,"hash":"OwTKeux9DkxT5osrHNKxrzOA3fA=","fileName":"kevin-niel.jpg","name":"kevin-niel","width":800,"height":800,"thumbnail":{"url":"np://user.desktop.nicepage.com/Site_385226473/images/thumbnails/kevin-niel.jpg","width":250,"height":250},"usages":["594500591"]},{"id":"user-image-image.png","publicUrl":"np://user.desktop.nicepage.com/Site_385226473/images/image.png","size":14727,"hash":"9HPQYQDU4TfE17D1W+1LijBn0o0=","fileName":"image.png","name":"image","width":100,"height":100,"thumbnail":{"url":"np://user.desktop.nicepage.com/Site_385226473/images/thumbnails/image.png","width":100,"height":100,"length":14727,"type":"png"},"usages":[]},{"id":"user-image-159159.png","publicUrl":"np://user.desktop.nicepage.com/Site_385226473/images/159159.png","size":2231,"hash":"K3aTb8sWnCqdh6zWWVp1cnld5GQ=","fileName":"159159.png","name":"159159","width":128,"height":128,"thumbnail":{"url":"np://user.desktop.nicepage.com/Site_385226473/images/thumbnails/159159.png","width":128,"height":128,"length":2231,"type":"png"},"usages":["594500591"]},{"id":"user-image-a5ca2dfebab177e75635bd69933c253b22b238f676e3d14862346bcbd0aff95492ef488f370076b87dfebc892031a478a72793b49cbd7b93256c1a_1280.jpg","publicUrl":"np://user.desktop.nicepage.com/Site_385226473/images/a5ca2dfebab177e75635bd69933c253b22b238f676e3d14862346bcbd0aff95492ef488f370076b87dfebc892031a478a72793b49cbd7b93256c1a_1280.jpg","size":154178,"hash":"Op1w9qazJHd8gVsjGHtaUZ2/VVI=","fileName":"a5ca2dfebab177e75635bd69933c253b22b238f676e3d14862346bcbd0aff95492ef488f370076b87dfebc892031a478a72793b49cbd7b93256c1a_1280.jpg","name":"a5ca2dfebab177e75635bd69933c253b22b238f676e3d14862346bcbd0aff95492ef488f370076b87dfebc892031a478a72793b49cbd7b93256c1a_1280","width":1280,"height":853,"thumbnail":{"url":"np://user.desktop.nicepage.com/Site_385226473/images/thumbnails/a5ca2dfebab177e75635bd69933c253b22b238f676e3d14862346bcbd0aff95492ef488f370076b87dfebc892031a478a72793b49cbd7b93256c1a_1280.jpg","width":250,"height":167},"usages":["594500591"]},{"id":"user-image-f0af1ff78b50c6f3bdf02a23166b5f2514bbfc4b1120c8264bedaa585eca5400ddc138354f7b6102ec0a0b2474d038af663152b4ede36472603192_1280.jpg","publicUrl":"np://user.desktop.nicepage.com/Site_385226473/images/f0af1ff78b50c6f3bdf02a23166b5f2514bbfc4b1120c8264bedaa585eca5400ddc138354f7b6102ec0a0b2474d038af663152b4ede36472603192_1280.jpg","size":46040,"hash":"lHnFep1cR/feAG0dvRc64VTrYMA=","fileName":"f0af1ff78b50c6f3bdf02a23166b5f2514bbfc4b1120c8264bedaa585eca5400ddc138354f7b6102ec0a0b2474d038af663152b4ede36472603192_1280.jpg","name":"f0af1ff78b50c6f3bdf02a23166b5f2514bbfc4b1120c8264bedaa585eca5400ddc138354f7b6102ec0a0b2474d038af663152b4ede36472603192_1280","width":1280,"height":972,"thumbnail":{"url":"np://user.desktop.nicepage.com/Site_385226473/images/thumbnails/f0af1ff78b50c6f3bdf02a23166b5f2514bbfc4b1120c8264bedaa585eca5400ddc138354f7b6102ec0a0b2474d038af663152b4ede36472603192_1280.jpg","width":250,"height":190},"usages":["594500591"]},{"id":"user-image-nico-moricet.jpg","publicUrl":"np://user.desktop.nicepage.com/Site_385226473/images/nico-moricet.jpg","size":15550,"hash":"jRaxC9YkzXXCdaEmusfiaecuDfw=","fileName":"nico-moricet.jpg","name":"nico-moricet","width":176,"height":176,"thumbnail":{"url":"np://user.desktop.nicepage.com/Site_385226473/images/thumbnails/nico-moricet.jpg","height":176,"width":176,"length":15550,"type":"jpg"},"usages":["594500591"]}]